epoch,phase,loss,dice_mean,dice_wt,dice_tc,dice_et,hd95_mean,hd95_wt,hd95_tc,hd95_et,iou_mean,iou_wt,iou_tc,iou_et,lr
1,train,1.344105,0.564315,0.658684,0.55711,0.573276,0.0,0.0,0.0,0.0,0.438217,0.537961,0.431929,0.446264,0.0001
1,val,1.199079,0.685045,0.655048,0.667021,0.701468,33.87442,57.400486,35.274837,32.675171,0.559549,0.525326,0.541903,0.575409,0.0001
2,train,1.111243,0.653102,0.786499,0.638372,0.669457,0.0,0.0,0.0,0.0,0.524939,0.675472,0.510231,0.541583,0.0001
2,val,1.037534,0.679601,0.786678,0.651713,0.706451,20.342142,37.04541,22.306047,18.411407,0.552751,0.678896,0.527074,0.577413,0.0001
3,train,0.969251,0.665661,0.815242,0.656291,0.677132,0.0,0.0,0.0,0.0,0.539782,0.713167,0.532638,0.54929,0.0001
3,val,0.896998,0.620146,0.818405,0.617375,0.621403,29.352688,23.170652,30.856319,27.981876,0.48719,0.719814,0.489178,0.483744,0.0001
4,train,0.816126,0.682825,0.856133,0.681563,0.686578,0.0,0.0,0.0,0.0,0.558006,0.767173,0.56028,0.558535,0.0001
4,val,0.729041,0.722225,0.864325,0.756417,0.686904,22.237707,20.316526,22.320551,22.261301,0.603109,0.785202,0.650561,0.554527,0.0001
5,train,0.627662,0.7307,0.879505,0.748292,0.716343,0.0,0.0,0.0,0.0,0.616481,0.799596,0.640707,0.596094,0.0001
5,val,0.518844,0.74838,0.889453,0.746152,0.749979,10.577137,10.104892,11.845818,9.263032,0.6324,0.818518,0.635845,0.628361,0.0001
6,train,0.418756,0.793768,0.894108,0.809327,0.782576,0.0,0.0,0.0,0.0,0.69467,0.820096,0.717053,0.677397,0.0001
6,val,0.338557,0.784945,0.883322,0.79325,0.77648,10.380317,10.40288,11.377068,9.352736,0.683952,0.807924,0.701673,0.666302,0.0001
7,train,0.281795,0.821375,0.898484,0.834981,0.813119,0.0,0.0,0.0,0.0,0.731629,0.826711,0.752394,0.717282,0.0001
7,val,0.23029,0.846468,0.890455,0.855235,0.838671,7.518975,11.293234,8.428185,6.543162,0.763122,0.820413,0.780318,0.747473,0.0001
8,train,0.206638,0.844793,0.905614,0.861624,0.83482,0.0,0.0,0.0,0.0,0.762277,0.837289,0.787051,0.745446,0.0001
8,val,0.179086,0.861582,0.9094,0.874403,0.850046,6.106201,7.959058,6.196251,5.552306,0.78449,0.846251,0.806187,0.764747,0.0001
9,train,0.169707,0.852805,0.909923,0.869207,0.842011,0.0,0.0,0.0,0.0,0.773249,0.843378,0.79839,0.754855,0.0001
9,val,0.198445,0.805198,0.872415,0.820642,0.789893,13.26844,17.047888,14.196313,12.32483,0.715768,0.797336,0.745235,0.686795,0.0001
10,train,0.156109,0.848576,0.907335,0.862996,0.841915,0.0,0.0,0.0,0.0,0.769139,0.839513,0.791968,0.755015,0.0001
10,val,0.137945,0.870804,0.909775,0.883739,0.858956,5.411987,7.846154,5.774685,4.999895,0.796128,0.847611,0.81801,0.775913,0.0001
11,train,0.141149,0.855607,0.914613,0.872861,0.846039,0.0,0.0,0.0,0.0,0.779238,0.850186,0.805784,0.761082,0.0001
11,val,0.131472,0.864972,0.911714,0.875979,0.854882,4.479147,6.487617,4.962729,3.927125,0.787146,0.849185,0.806147,0.769622,0.0001
12,train,0.139627,0.852346,0.903004,0.87002,0.84324,0.0,0.0,0.0,0.0,0.774961,0.834724,0.801604,0.757681,0.0001
12,val,0.135199,0.862106,0.896269,0.871474,0.852578,5.873507,9.696712,6.573997,5.152965,0.782789,0.826042,0.800091,0.76546,0.0001
13,train,0.120964,0.865802,0.914182,0.882075,0.857013,0.0,0.0,0.0,0.0,0.792158,0.849667,0.817857,0.774901,0.0001
13,val,0.118393,0.8724,0.913486,0.883143,0.862613,4.618712,7.610339,5.012497,4.163793,0.798638,0.853101,0.817694,0.781123,0.0001
14,train,0.11173,0.871098,0.918324,0.888486,0.86278,0.0,0.0,0.0,0.0,0.799402,0.856255,0.826611,0.78214,0.0001
14,val,0.122421,0.8719,0.900322,0.880916,0.865751,5.486164,7.090126,5.919933,4.983935,0.798123,0.832788,0.815544,0.784254,0.0001
15,train,0.112707,0.871124,0.91872,0.886889,0.862202,0.0,0.0,0.0,0.0,0.799312,0.856524,0.824755,0.781899,0.0001
15,val,0.112322,0.876107,0.91037,0.889528,0.863304,5.405023,7.544359,5.68462,5.075974,0.803999,0.848351,0.827354,0.781754,0.0001
16,train,0.11251,0.864467,0.915431,0.881606,0.854278,0.0,0.0,0.0,0.0,0.790956,0.851685,0.817857,0.772459,0.0001
16,val,0.109808,0.87755,0.910548,0.891455,0.863981,5.335322,7.816487,5.812349,4.774874,0.804483,0.847893,0.828401,0.781231,0.0001
17,train,0.099499,0.880801,0.921793,0.900689,0.869118,0.0,0.0,0.0,0.0,0.812649,0.861672,0.842966,0.791238,0.0001
17,val,0.10304,0.881604,0.92012,0.894445,0.869988,4.888848,6.225765,5.272748,4.45793,0.812234,0.862432,0.834044,0.792268,0.0001
18,train,0.09642,0.880301,0.926108,0.899457,0.869062,0.0,0.0,0.0,0.0,0.812894,0.86822,0.842377,0.792123,0.0001
18,val,0.102951,0.883122,0.919658,0.894162,0.872488,5.58111,6.792927,5.99241,5.099671,0.813906,0.861646,0.833998,0.794597,0.0001
19,train,0.098208,0.882394,0.921913,0.902616,0.869112,0.0,0.0,0.0,0.0,0.814273,0.862102,0.844645,0.791692,0.0001
19,val,0.100325,0.883557,0.912363,0.897836,0.869852,5.018541,8.689549,5.338725,4.62722,0.813887,0.853298,0.836732,0.792074,0.0001
20,train,0.096766,0.879571,0.922264,0.898847,0.868397,0.0,0.0,0.0,0.0,0.810799,0.862418,0.839946,0.790374,0.0001
20,val,0.099602,0.885058,0.923795,0.891787,0.878773,5.101983,6.365651,5.602222,4.517465,0.816618,0.867713,0.831026,0.803021,0.0001
21,train,0.10232,0.8727,0.919906,0.891367,0.862693,0.0,0.0,0.0,0.0,0.803853,0.859431,0.832739,0.784277,0.0001
21,val,0.098731,0.888663,0.918006,0.898076,0.879747,4.352404,7.693836,4.747465,3.859566,0.819663,0.859109,0.837478,0.802727,0.0001
22,train,0.092709,0.885768,0.925545,0.904428,0.873677,0.0,0.0,0.0,0.0,0.818355,0.867875,0.846792,0.797502,0.0001
22,val,0.099668,0.88336,0.921444,0.890821,0.876262,3.843266,6.9103,4.213735,3.297546,0.814779,0.864592,0.831219,0.799057,0.0001
23,train,0.092342,0.888035,0.92536,0.907965,0.875545,0.0,0.0,0.0,0.0,0.822606,0.867417,0.853474,0.800112,0.0001
23,val,0.097666,0.883116,0.923519,0.890597,0.876149,4.123515,6.472921,4.425768,3.641541,0.813808,0.868014,0.83051,0.79802,0.0001
24,train,0.087994,0.888201,0.926433,0.906885,0.875944,0.0,0.0,0.0,0.0,0.822423,0.868647,0.851435,0.800856,0.0001
24,val,0.094877,0.890388,0.922244,0.903271,0.878221,4.567864,7.0022,4.725516,4.336312,0.823075,0.865673,0.844722,0.802636,0.0001
25,train,0.09497,0.881295,0.923962,0.900966,0.868072,0.0,0.0,0.0,0.0,0.813698,0.865134,0.843968,0.79079,0.0001
25,val,0.095696,0.888818,0.916119,0.901628,0.877316,4.338159,6.57315,4.600291,4.010908,0.820829,0.855739,0.84257,0.801032,0.0001
26,train,0.091892,0.886241,0.926128,0.906098,0.873938,0.0,0.0,0.0,0.0,0.820036,0.868382,0.850333,0.798332,0.0001
26,val,0.097901,0.887155,0.915588,0.902037,0.872595,4.082808,8.202207,4.420287,3.664075,0.817171,0.855466,0.842932,0.79204,0.0001
27,train,0.086255,0.892708,0.927802,0.912632,0.878673,0.0,0.0,0.0,0.0,0.82858,0.870999,0.859199,0.805054,0.0001
27,val,0.098125,0.885013,0.916818,0.896069,0.874458,3.965633,7.129614,4.453182,3.394473,0.81771,0.860194,0.837119,0.799217,0.0001
28,train,0.085586,0.891231,0.929101,0.911906,0.877783,0.0,0.0,0.0,0.0,0.826165,0.873154,0.857646,0.802989,0.0001
28,val,0.092369,0.894665,0.923208,0.906595,0.883348,3.781593,6.206822,3.927236,3.538815,0.828581,0.867308,0.849865,0.808357,0.0001
29,train,0.086967,0.889052,0.930004,0.908488,0.877286,0.0,0.0,0.0,0.0,0.825167,0.874681,0.855558,0.803217,0.0001
29,val,0.098223,0.885813,0.911037,0.897214,0.875206,4.274061,8.634476,4.715094,3.658188,0.817628,0.851484,0.838522,0.798015,0.0001
30,train,0.084224,0.891514,0.930026,0.912026,0.877447,0.0,0.0,0.0,0.0,0.827547,0.874584,0.858665,0.804113,0.0001
30,val,0.09086,0.898779,0.910759,0.913546,0.884679,3.629363,8.094019,3.828115,3.242848,0.835419,0.850207,0.859797,0.812151,0.0001
31,train,0.088574,0.885782,0.923686,0.906233,0.872909,0.0,0.0,0.0,0.0,0.820446,0.865397,0.851152,0.798047,0.0001
31,val,0.095382,0.887479,0.920571,0.90023,0.878777,5.171911,6.348199,5.42331,4.734608,0.820904,0.862968,0.842467,0.803862,0.0001
32,train,0.081212,0.898642,0.931252,0.91984,0.882981,0.0,0.0,0.0,0.0,0.835932,0.877105,0.867811,0.810774,0.0001
32,val,0.088951,0.894062,0.926409,0.904873,0.88368,3.940159,5.912013,4.295075,3.488847,0.828919,0.872173,0.848675,0.80995,0.0001
33,train,0.082511,0.89687,0.931318,0.918587,0.88078,0.0,0.0,0.0,0.0,0.833955,0.876773,0.866291,0.808354,0.0001
33,val,0.095866,0.883012,0.910522,0.896803,0.87003,4.676036,9.085657,4.955627,4.289848,0.816589,0.850479,0.83971,0.794802,0.0001
34,train,0.081719,0.894597,0.931762,0.916639,0.878884,0.0,0.0,0.0,0.0,0.831758,0.877579,0.864688,0.80613,0.0001
34,val,0.09527,0.88323,0.925101,0.886433,0.880718,4.767943,6.501741,5.321066,4.123168,0.817717,0.870464,0.828459,0.808145,0.0001
35,train,0.085191,0.891667,0.930431,0.913784,0.876526,0.0,0.0,0.0,0.0,0.828957,0.875498,0.861788,0.804197,0.0001
35,val,0.087123,0.89852,0.926255,0.912146,0.88542,4.156153,5.651787,4.421731,3.793783,0.83473,0.872149,0.857626,0.812775,0.0001
36,train,0.077779,0.901448,0.934256,0.924082,0.883815,0.0,0.0,0.0,0.0,0.840471,0.882184,0.874083,0.812982,0.0001
36,val,0.090695,0.892403,0.925803,0.905112,0.880347,3.778299,5.256723,4.032744,3.326705,0.826981,0.871484,0.848958,0.80612,0.0001
37,train,0.079531,0.899145,0.933291,0.921978,0.88215,0.0,0.0,0.0,0.0,0.837093,0.87982,0.870967,0.810278,0.0001
37,val,0.093144,0.889613,0.926235,0.900023,0.879869,3.927878,5.881636,4.272528,3.397954,0.82247,0.872202,0.842202,0.803829,0.0001
38,train,0.080443,0.895182,0.930526,0.913741,0.882346,0.0,0.0,0.0,0.0,0.831803,0.875269,0.860699,0.809883,0.0001
38,val,0.088511,0.89379,0.920639,0.9065,0.881811,4.624095,7.243981,4.443791,4.298704,0.82892,0.864444,0.850718,0.808361,0.0001
39,train,0.078855,0.900857,0.934611,0.922309,0.884683,0.0,0.0,0.0,0.0,0.839768,0.882091,0.872005,0.814027,0.0001
39,val,0.087935,0.898962,0.920094,0.911923,0.887082,4.156518,7.298876,4.402318,3.832532,0.834805,0.863658,0.856707,0.814602,0.0001
40,train,0.078114,0.903807,0.934061,0.925914,0.886181,0.0,0.0,0.0,0.0,0.843037,0.881049,0.876494,0.815261,0.0001
40,val,0.091419,0.889934,0.920529,0.905229,0.874983,4.360433,7.817024,4.642843,3.990646,0.822503,0.864706,0.847851,0.797825,0.0001
41,train,0.076427,0.905783,0.934326,0.927921,0.888306,0.0,0.0,0.0,0.0,0.845793,0.881446,0.879219,0.818142,0.0001
41,val,0.090632,0.896888,0.923333,0.912219,0.882558,4.391845,6.966685,4.678359,4.02954,0.831487,0.868016,0.856802,0.80775,0.0001
42,train,0.070844,0.910442,0.939153,0.932826,0.892916,0.0,0.0,0.0,0.0,0.852236,0.889616,0.885828,0.824758,5e-05
42,val,0.085399,0.900934,0.928565,0.913402,0.889149,3.814488,5.860847,3.94463,3.588629,0.838685,0.875829,0.860281,0.818238,5e-05
43,train,0.071289,0.910772,0.939978,0.933094,0.892451,0.000000,0.000000,0.000000,0.000000,0.852903,0.890942,0.886256,0.824690,0.00005000
43,val,0.084748,0.901693,0.926080,0.913526,0.890494,3.834178,6.423872,4.048117,3.521778,0.840261,0.872478,0.861336,0.820279,0.00005000
44,train,0.068885,0.913338,0.940424,0.936795,0.893432,0.000000,0.000000,0.000000,0.000000,0.856292,0.891622,0.890935,0.826324,0.00005000
44,val,0.086492,0.899143,0.928877,0.909854,0.889330,3.741205,6.291373,4.153163,3.226478,0.836392,0.875960,0.855876,0.818345,0.00005000
45,train,0.068975,0.912338,0.941073,0.935401,0.893513,0.000000,0.000000,0.000000,0.000000,0.855302,0.892716,0.889550,0.826415,0.00005000
45,val,0.082975,0.902010,0.928602,0.916357,0.889237,3.740969,6.026920,3.901251,3.488657,0.839344,0.875582,0.862372,0.818546,0.00005000
46,train,0.069239,0.913393,0.940688,0.935274,0.895411,0.000000,0.000000,0.000000,0.000000,0.856287,0.892081,0.889468,0.828279,0.00005000
46,val,0.085087,0.897512,0.929476,0.908402,0.887131,4.010687,5.438828,4.388294,3.442515,0.833993,0.877192,0.853172,0.815708,0.00005000
47,train,0.070198,0.913137,0.940923,0.935604,0.894686,0.000000,0.000000,0.000000,0.000000,0.855878,0.892494,0.889572,0.827449,0.00005000
47,val,0.087198,0.900464,0.915999,0.913729,0.887972,4.812948,8.265877,5.048386,4.489695,0.838118,0.858474,0.860594,0.816893,0.00005000
48,train,0.067260,0.914465,0.940980,0.937684,0.894189,0.000000,0.000000,0.000000,0.000000,0.858091,0.892589,0.892548,0.827739,0.00005000
48,val,0.084734,0.899734,0.927266,0.910554,0.889713,3.901254,6.956141,4.240792,3.467499,0.837957,0.873774,0.857590,0.819639,0.00005000
49,train,0.068502,0.914580,0.941115,0.937679,0.894747,0.000000,0.000000,0.000000,0.000000,0.858437,0.892850,0.892524,0.828919,0.00005000
49,val,0.082004,0.904528,0.929682,0.918507,0.891194,3.471725,5.058010,3.648271,3.194745,0.843016,0.877548,0.866427,0.820682,0.00005000
50,train,0.067392,0.913906,0.942624,0.936565,0.894450,0.000000,0.000000,0.000000,0.000000,0.857370,0.895220,0.891055,0.828123,0.00005000
50,val,0.085336,0.899614,0.928930,0.914107,0.885858,3.780084,5.406338,4.022736,3.346168,0.836913,0.876869,0.860570,0.814472,0.00005000
